Toiec Part 5,Mougey Fine Gifts is known for its large range of _____ goods.,regional,True,regionally,False,region,False,regions,False
Toiec Part 5,Income levels are rising in the _____ and surrounding areas.,family,False,world,False,company,False,city,True
Toiec Part 5,Since we had a recent rate change expect _____ next electricity bill to be slightly lower.,you,False,yours,False,yourself,False,your,True
Toiec Part 5,Hotel guests have a lovely view of the ocean _____ the south-facing windows.,up,False,except,False,onto,False,through,True
Toiec Part 5,The factory is _____ located near the train station.,regularly,True,conveniently,False,brightly,False,collectively,False
Toiec Part 5,Because of transportation _____ due to winter weather.some conference participants may arrive late.,are delayed,False,to delay,False,delays,True,had delayed,False
Toiec Part 5,Proper maintenance of your heating equipment ensures that small issues can be fixed _____ they become big ones.,as a result,False,in addition,False,although,False,before,True
Toiec Part 5,The information on the Web site of Croyell Decorators is _____ organized.,clear,False,clearing,False,clearest,False,clearly,True
Toiec Part 5,The Copley Corporation is frequently _____ as a company that employs workers from all over the world.,recognized,True,permitted,False,prepared,False,controlled,False
Toiec Part 5,Payments made _____ 4:00 P.M. will be processed on the following business day.,later,False,after,True,than,False,often,False
